"id","contains_ids/id"
hc_procedure.proc_not_perf_rsn_416406003_hc_vs_procedure_not_performed_reason,hc_procedure.proc_not_perf_rsn_129125009
hc_procedure.proc_not_perf_rsn_416237000_hc_vs_procedure_not_performed_reason,hc_procedure.proc_not_perf_rsn_129125009
hc_procedure.proc_not_perf_rsn_428119001_hc_vs_procedure_not_performed_reason,hc_procedure.proc_not_perf_rsn_129125009
hc_procedure.proc_not_perf_rsn_416064006_hc_vs_procedure_not_performed_reason,hc_procedure.proc_not_perf_rsn_129125009
hc_procedure.proc_not_perf_rsn_416432009_hc_vs_procedure_not_performed_reason,hc_procedure.proc_not_perf_rsn_129125009
hc_procedure.proc_not_perf_rsn_183944003_hc_vs_procedure_not_performed_reason,hc_procedure.proc_not_perf_rsn_129125009
hc_procedure.proc_not_perf_rsn_394908001_hc_vs_procedure_not_performed_reason,hc_procedure.proc_not_perf_rsn_129125009
hc_procedure.proc_not_perf_rsn_183932001_hc_vs_procedure_not_performed_reason,hc_procedure.proc_not_perf_rsn_129125009
hc_procedure.proc_not_perf_rsn_438833006_hc_vs_procedure_not_performed_reason,hc_procedure.proc_not_perf_rsn_183932001
hc_procedure.proc_not_perf_rsn_417128001_hc_vs_procedure_not_performed_reason,hc_procedure.proc_not_perf_rsn_183932001
hc_procedure.proc_not_perf_rsn_395175006_hc_vs_procedure_not_performed_reason,hc_procedure.proc_not_perf_rsn_183932001
hc_procedure.proc_not_perf_rsn_135823000_hc_vs_procedure_not_performed_reason,hc_procedure.proc_not_perf_rsn_183932001
hc_procedure.proc_not_perf_rsn_407582002_hc_vs_procedure_not_performed_reason,hc_procedure.proc_not_perf_rsn_183932001
hc_procedure.proc_not_perf_rsn_416475003_hc_vs_procedure_not_performed_reason,hc_procedure.proc_not_perf_rsn_183932001
hc_procedure.proc_not_perf_rsn_169551000_hc_vs_procedure_not_performed_reason,hc_procedure.proc_not_perf_rsn_183932001
hc_procedure.proc_not_perf_rsn_416704001_hc_vs_procedure_not_performed_reason,hc_procedure.proc_not_perf_rsn_183932001
hc_procedure.proc_not_perf_rsn_135811006_hc_vs_procedure_not_performed_reason,hc_procedure.proc_not_perf_rsn_183932001
hc_procedure.proc_not_perf_rsn_414055003_hc_vs_procedure_not_performed_reason,hc_procedure.proc_not_perf_rsn_183932001
hc_procedure.proc_not_perf_rsn_414159007_hc_vs_procedure_not_performed_reason,hc_procedure.proc_not_perf_rsn_183932001
hc_procedure.proc_not_perf_rsn_315591006_hc_vs_procedure_not_performed_reason,hc_procedure.proc_not_perf_rsn_183932001
hc_procedure.proc_not_perf_rsn_135822005_hc_vs_procedure_not_performed_reason,hc_procedure.proc_not_perf_rsn_183932001
hc_procedure.proc_not_perf_rsn_266757004_hc_vs_procedure_not_performed_reason,hc_procedure.proc_not_perf_rsn_183932001
hc_procedure.proc_not_perf_rsn_414677003_hc_vs_procedure_not_performed_reason,hc_procedure.proc_not_perf_rsn_183932001
hc_procedure.proc_not_perf_rsn_395174005_hc_vs_procedure_not_performed_reason,hc_procedure.proc_not_perf_rsn_183932001
hc_procedure.proc_not_perf_rsn_135809002_hc_vs_procedure_not_performed_reason,hc_procedure.proc_not_perf_rsn_183932001
hc_procedure.proc_not_perf_rsn_416759002_hc_vs_procedure_not_performed_reason,hc_procedure.proc_not_perf_rsn_183932001
hc_procedure.proc_not_perf_rsn_395675007_hc_vs_procedure_not_performed_reason,hc_procedure.proc_not_perf_rsn_183932001
hc_procedure.proc_not_perf_rsn_719603008_hc_vs_procedure_not_performed_reason,hc_procedure.proc_not_perf_rsn_183932001
hc_procedure.proc_not_perf_rsn_417101006_hc_vs_procedure_not_performed_reason,hc_procedure.proc_not_perf_rsn_183932001
hc_procedure.proc_not_perf_rsn_183934000_hc_vs_procedure_not_performed_reason,hc_procedure.proc_not_perf_rsn_183932001
hc_procedure.proc_not_perf_rsn_415571003_hc_vs_procedure_not_performed_reason,hc_procedure.proc_not_perf_rsn_183932001
hc_procedure.proc_not_perf_rsn_315363002_hc_vs_procedure_not_performed_reason,hc_procedure.proc_not_perf_rsn_183932001
hc_procedure.proc_not_perf_rsn_416996000_hc_vs_procedure_not_performed_reason,hc_procedure.proc_not_perf_rsn_183932001
hc_procedure.proc_not_perf_rsn_275935009_hc_vs_procedure_not_performed_reason,hc_procedure.proc_not_perf_rsn_183932001
hc_procedure.proc_not_perf_rsn_438767006_hc_vs_procedure_not_performed_reason,hc_procedure.proc_not_perf_rsn_183932001
hc_procedure.proc_not_perf_rsn_390910005_hc_vs_procedure_not_performed_reason,hc_procedure.proc_not_perf_rsn_183932001
hc_procedure.proc_not_perf_rsn_415666001_hc_vs_procedure_not_performed_reason,hc_procedure.proc_not_perf_rsn_438833006
hc_procedure.proc_not_perf_rsn_315364008_hc_vs_procedure_not_performed_reason,hc_procedure.proc_not_perf_rsn_438833006
hc_procedure.proc_not_perf_rsn_394987009_hc_vs_procedure_not_performed_reason,hc_procedure.proc_not_perf_rsn_438833006
hc_procedure.proc_not_perf_rsn_413558003_hc_vs_procedure_not_performed_reason,hc_procedure.proc_not_perf_rsn_438833006
hc_procedure.proc_not_perf_rsn_312451002_hc_vs_procedure_not_performed_reason,hc_procedure.proc_not_perf_rsn_438833006
hc_procedure.proc_not_perf_rsn_315062004_hc_vs_procedure_not_performed_reason,hc_procedure.proc_not_perf_rsn_438833006
hc_procedure.proc_not_perf_rsn_416091008_hc_vs_procedure_not_performed_reason,hc_procedure.proc_not_perf_rsn_438833006
hc_procedure.proc_not_perf_rsn_170954008_hc_vs_procedure_not_performed_reason,hc_procedure.proc_not_perf_rsn_438833006
hc_procedure.proc_not_perf_rsn_266758009_hc_vs_procedure_not_performed_reason,hc_procedure.proc_not_perf_rsn_438833006
hc_procedure.proc_not_perf_rsn_719467000_hc_vs_procedure_not_performed_reason,hc_procedure.proc_not_perf_rsn_438833006
hc_procedure.proc_not_perf_rsn_719473004_hc_vs_procedure_not_performed_reason,hc_procedure.proc_not_perf_rsn_266758009
hc_procedure.proc_not_perf_rsn_275974002_hc_vs_procedure_not_performed_reason,"hc_procedure.proc_not_perf_rsn_719473004,hc_procedure.proc_not_perf_rsn_719467000"
hc_procedure.proc_not_perf_rsn_707298000_hc_vs_procedure_not_performed_reason,hc_procedure.proc_not_perf_rsn_438833006
hc_procedure.proc_not_perf_rsn_719476007_hc_vs_procedure_not_performed_reason,hc_procedure.proc_not_perf_rsn_438833006
hc_procedure.proc_not_perf_rsn_719472009_hc_vs_procedure_not_performed_reason,hc_procedure.proc_not_perf_rsn_438833006
hc_procedure.proc_not_perf_rsn_703999002_hc_vs_procedure_not_performed_reason,hc_procedure.proc_not_perf_rsn_438833006
hc_procedure.proc_not_perf_rsn_698521002_hc_vs_procedure_not_performed_reason,hc_procedure.proc_not_perf_rsn_438833006
hc_procedure.proc_not_perf_rsn_703997000_hc_vs_procedure_not_performed_reason,hc_procedure.proc_not_perf_rsn_438833006
hc_procedure.proc_not_perf_rsn_698468005_hc_vs_procedure_not_performed_reason,hc_procedure.proc_not_perf_rsn_315062004
hc_procedure.proc_not_perf_rsn_715166006_hc_vs_procedure_not_performed_reason,hc_procedure.proc_not_perf_rsn_266758009
hc_procedure.proc_not_perf_rsn_719469002_hc_vs_procedure_not_performed_reason,hc_procedure.proc_not_perf_rsn_266758009
hc_procedure.proc_not_perf_rsn_183936003_hc_vs_procedure_not_performed_reason,hc_procedure.proc_not_perf_rsn_266758009
hc_procedure.proc_not_perf_rsn_715163003_hc_vs_procedure_not_performed_reason,hc_procedure.proc_not_perf_rsn_266758009
hc_procedure.proc_not_perf_rsn_719886001_hc_vs_procedure_not_performed_reason,hc_procedure.proc_not_perf_rsn_266758009
hc_procedure.proc_not_perf_rsn_719330009_hc_vs_procedure_not_performed_reason,hc_procedure.proc_not_perf_rsn_266758009
hc_procedure.proc_not_perf_rsn_699037006_hc_vs_procedure_not_performed_reason,hc_procedure.proc_not_perf_rsn_266758009
hc_procedure.proc_not_perf_rsn_390796006_hc_vs_procedure_not_performed_reason,hc_procedure.proc_not_perf_rsn_266758009
hc_procedure.proc_not_perf_rsn_719458000_hc_vs_procedure_not_performed_reason,hc_procedure.proc_not_perf_rsn_266758009
hc_procedure.proc_not_perf_rsn_268560002_hc_vs_procedure_not_performed_reason,hc_procedure.proc_not_perf_rsn_266758009
hc_procedure.proc_not_perf_rsn_719598000_hc_vs_procedure_not_performed_reason,hc_procedure.proc_not_perf_rsn_266758009
hc_procedure.proc_not_perf_rsn_171284002_hc_vs_procedure_not_performed_reason,hc_procedure.proc_not_perf_rsn_266758009
hc_procedure.proc_not_perf_rsn_390795005_hc_vs_procedure_not_performed_reason,hc_procedure.proc_not_perf_rsn_266758009
hc_procedure.proc_not_perf_rsn_171277005_hc_vs_procedure_not_performed_reason,hc_procedure.proc_not_perf_rsn_266758009
hc_procedure.proc_not_perf_rsn_719325005_hc_vs_procedure_not_performed_reason,hc_procedure.proc_not_perf_rsn_266758009
hc_procedure.proc_not_perf_rsn_719474005_hc_vs_procedure_not_performed_reason,hc_procedure.proc_not_perf_rsn_266758009
hc_procedure.proc_not_perf_rsn_719457005_hc_vs_procedure_not_performed_reason,hc_procedure.proc_not_perf_rsn_266758009
hc_procedure.proc_not_perf_rsn_719320000_hc_vs_procedure_not_performed_reason,hc_procedure.proc_not_perf_rsn_266758009
hc_procedure.proc_not_perf_rsn_719324009_hc_vs_procedure_not_performed_reason,"hc_procedure.proc_not_perf_rsn_699037006,hc_procedure.proc_not_perf_rsn_719330009"
hc_procedure.proc_not_perf_rsn_425519007_hc_vs_procedure_not_performed_reason,hc_procedure.proc_not_perf_rsn_416406003
hc_procedure.proc_not_perf_rsn_426970003_hc_vs_procedure_not_performed_reason,hc_procedure.proc_not_perf_rsn_416406003
hc_procedure.proc_not_perf_rsn_426999008_hc_vs_procedure_not_performed_reason,hc_procedure.proc_not_perf_rsn_416406003
hc_procedure.proc_not_perf_rsn_427569000_hc_vs_procedure_not_performed_reason,hc_procedure.proc_not_perf_rsn_416406003
hc_procedure.proc_not_perf_rsn_425921008_hc_vs_procedure_not_performed_reason,hc_procedure.proc_not_perf_rsn_416406003
hc_procedure.proc_not_perf_rsn_274512008_hc_vs_procedure_not_performed_reason,hc_procedure.proc_not_perf_rsn_416406003
hc_procedure.proc_not_perf_rsn_439516000_hc_vs_procedure_not_performed_reason,hc_procedure.proc_not_perf_rsn_416406003
hc_procedure.proc_not_perf_rsn_438604008_hc_vs_procedure_not_performed_reason,hc_procedure.proc_not_perf_rsn_416406003
hc_procedure.proc_not_perf_rsn_713246009_hc_vs_procedure_not_performed_reason,hc_procedure.proc_not_perf_rsn_416406003
hc_procedure.proc_not_perf_rsn_713247000_hc_vs_procedure_not_performed_reason,hc_procedure.proc_not_perf_rsn_416406003
hc_procedure.proc_not_perf_rsn_394909009_hc_vs_procedure_not_performed_reason,hc_procedure.proc_not_perf_rsn_416406003
hc_procedure.proc_not_perf_rsn_710765004_hc_vs_procedure_not_performed_reason,hc_procedure.proc_not_perf_rsn_416406003
hc_procedure.proc_not_perf_rsn_182840001_hc_vs_procedure_not_performed_reason,hc_procedure.proc_not_perf_rsn_274512008
hc_procedure.proc_not_perf_rsn_430279008_hc_vs_procedure_not_performed_reason,hc_procedure.proc_not_perf_rsn_274512008
hc_procedure.proc_not_perf_rsn_70732231000132100_hc_vs_procedure_not_performed_reason,hc_procedure.proc_not_perf_rsn_274512008
hc_procedure.proc_not_perf_rsn_170958006_hc_vs_procedure_not_performed_reason,hc_procedure.proc_not_perf_rsn_274512008
hc_procedure.proc_not_perf_rsn_412782003_hc_vs_procedure_not_performed_reason,hc_procedure.proc_not_perf_rsn_274512008
hc_procedure.proc_not_perf_rsn_170689008_hc_vs_procedure_not_performed_reason,hc_procedure.proc_not_perf_rsn_274512008
hc_procedure.proc_not_perf_rsn_170688000_hc_vs_procedure_not_performed_reason,hc_procedure.proc_not_perf_rsn_274512008
hc_procedure.proc_not_perf_rsn_395008009_hc_vs_procedure_not_performed_reason,hc_procedure.proc_not_perf_rsn_274512008
hc_procedure.proc_not_perf_rsn_395007004_hc_vs_procedure_not_performed_reason,hc_procedure.proc_not_perf_rsn_274512008
hc_procedure.proc_not_perf_rsn_395006008_hc_vs_procedure_not_performed_reason,hc_procedure.proc_not_perf_rsn_274512008
hc_procedure.proc_not_perf_rsn_395009001_hc_vs_procedure_not_performed_reason,hc_procedure.proc_not_perf_rsn_274512008
hc_procedure.proc_not_perf_rsn_170624001_hc_vs_procedure_not_performed_reason,hc_procedure.proc_not_perf_rsn_274512008
hc_procedure.proc_not_perf_rsn_309841001_hc_vs_procedure_not_performed_reason,hc_procedure.proc_not_perf_rsn_274512008
hc_procedure.proc_not_perf_rsn_170919001_hc_vs_procedure_not_performed_reason,hc_procedure.proc_not_perf_rsn_274512008
hc_procedure.proc_not_perf_rsn_182845006_hc_vs_procedure_not_performed_reason,hc_procedure.proc_not_perf_rsn_182840001
hc_procedure.proc_not_perf_rsn_182843004_hc_vs_procedure_not_performed_reason,hc_procedure.proc_not_perf_rsn_182840001
hc_procedure.proc_not_perf_rsn_182841002_hc_vs_procedure_not_performed_reason,hc_procedure.proc_not_perf_rsn_182840001
hc_procedure.proc_not_perf_rsn_182846007_hc_vs_procedure_not_performed_reason,hc_procedure.proc_not_perf_rsn_182840001
hc_procedure.proc_not_perf_rsn_182844005_hc_vs_procedure_not_performed_reason,hc_procedure.proc_not_perf_rsn_182840001
hc_procedure.proc_not_perf_rsn_182842009_hc_vs_procedure_not_performed_reason,hc_procedure.proc_not_perf_rsn_182840001
hc_procedure.proc_not_perf_rsn_713248005_hc_vs_procedure_not_performed_reason,hc_procedure.proc_not_perf_rsn_713246009
hc_procedure.proc_not_perf_rsn_314374001_hc_vs_procedure_not_performed_reason,hc_procedure.proc_not_perf_rsn_416237000
hc_procedure.proc_not_perf_rsn_165008002_hc_vs_procedure_not_performed_reason,hc_procedure.proc_not_perf_rsn_416237000
hc_procedure.proc_not_perf_rsn_169704000_hc_vs_procedure_not_performed_reason,hc_procedure.proc_not_perf_rsn_416237000
hc_procedure.proc_not_perf_rsn_169610006_hc_vs_procedure_not_performed_reason,hc_procedure.proc_not_perf_rsn_416237000
hc_procedure.proc_not_perf_rsn_169708002_hc_vs_procedure_not_performed_reason,hc_procedure.proc_not_perf_rsn_416237000
hc_procedure.proc_not_perf_rsn_169699008_hc_vs_procedure_not_performed_reason,hc_procedure.proc_not_perf_rsn_416237000
hc_procedure.proc_not_perf_rsn_4451000175106_hc_vs_procedure_not_performed_reason,hc_procedure.proc_not_perf_rsn_416237000
hc_procedure.proc_not_perf_rsn_164746007_hc_vs_procedure_not_performed_reason,hc_procedure.proc_not_perf_rsn_416237000
hc_procedure.proc_not_perf_rsn_719828003_hc_vs_procedure_not_performed_reason,hc_procedure.proc_not_perf_rsn_416237000
hc_procedure.proc_not_perf_rsn_719072001_hc_vs_procedure_not_performed_reason,hc_procedure.proc_not_perf_rsn_416237000
hc_procedure.proc_not_perf_rsn_713207007_hc_vs_procedure_not_performed_reason,hc_procedure.proc_not_perf_rsn_416237000
hc_procedure.proc_not_perf_rsn_4591000175100_hc_vs_procedure_not_performed_reason,hc_procedure.proc_not_perf_rsn_416237000
hc_procedure.proc_not_perf_rsn_722825000_hc_vs_procedure_not_performed_reason,hc_procedure.proc_not_perf_rsn_416237000
hc_procedure.proc_not_perf_rsn_165074004_hc_vs_procedure_not_performed_reason,hc_procedure.proc_not_perf_rsn_416237000
hc_procedure.proc_not_perf_rsn_428348004_hc_vs_procedure_not_performed_reason,hc_procedure.proc_not_perf_rsn_416237000
hc_procedure.proc_not_perf_rsn_397399004_hc_vs_procedure_not_performed_reason,hc_procedure.proc_not_perf_rsn_416237000
hc_procedure.proc_not_perf_rsn_167728005_hc_vs_procedure_not_performed_reason,hc_procedure.proc_not_perf_rsn_416237000
hc_procedure.proc_not_perf_rsn_167701000_hc_vs_procedure_not_performed_reason,hc_procedure.proc_not_perf_rsn_416237000
hc_procedure.proc_not_perf_rsn_4461000175108_hc_vs_procedure_not_performed_reason,hc_procedure.proc_not_perf_rsn_416237000
hc_procedure.proc_not_perf_rsn_4471000175100_hc_vs_procedure_not_performed_reason,hc_procedure.proc_not_perf_rsn_416237000
hc_procedure.proc_not_perf_rsn_399538001_hc_vs_procedure_not_performed_reason,hc_procedure.proc_not_perf_rsn_416237000
hc_procedure.proc_not_perf_rsn_439867009_hc_vs_procedure_not_performed_reason,hc_procedure.proc_not_perf_rsn_416237000
hc_procedure.proc_not_perf_rsn_4481000175102_hc_vs_procedure_not_performed_reason,hc_procedure.proc_not_perf_rsn_416237000
hc_procedure.proc_not_perf_rsn_4551000175107_hc_vs_procedure_not_performed_reason,hc_procedure.proc_not_perf_rsn_416237000
hc_procedure.proc_not_perf_rsn_4581000175103_hc_vs_procedure_not_performed_reason,hc_procedure.proc_not_perf_rsn_416237000
hc_procedure.proc_not_perf_rsn_699231000_hc_vs_procedure_not_performed_reason,hc_procedure.proc_not_perf_rsn_416237000
hc_procedure.proc_not_perf_rsn_164853006_hc_vs_procedure_not_performed_reason,hc_procedure.proc_not_perf_rsn_416237000
hc_procedure.proc_not_perf_rsn_165139002_hc_vs_procedure_not_performed_reason,hc_procedure.proc_not_perf_rsn_416237000
hc_procedure.proc_not_perf_rsn_165081006_hc_vs_procedure_not_performed_reason,hc_procedure.proc_not_perf_rsn_416237000
hc_procedure.proc_not_perf_rsn_167594003_hc_vs_procedure_not_performed_reason,hc_procedure.proc_not_perf_rsn_416237000
hc_procedure.proc_not_perf_rsn_163128002_hc_vs_procedure_not_performed_reason,hc_procedure.proc_not_perf_rsn_416237000
hc_procedure.proc_not_perf_rsn_163348001_hc_vs_procedure_not_performed_reason,hc_procedure.proc_not_perf_rsn_416237000
hc_procedure.proc_not_perf_rsn_162675007_hc_vs_procedure_not_performed_reason,hc_procedure.proc_not_perf_rsn_416237000
hc_procedure.proc_not_perf_rsn_715621003_hc_vs_procedure_not_performed_reason,hc_procedure.proc_not_perf_rsn_416237000
hc_procedure.proc_not_perf_rsn_165377003_hc_vs_procedure_not_performed_reason,hc_procedure.proc_not_perf_rsn_416237000
hc_procedure.proc_not_perf_rsn_4501000175108_hc_vs_procedure_not_performed_reason,hc_procedure.proc_not_perf_rsn_416237000
hc_procedure.proc_not_perf_rsn_165393007_hc_vs_procedure_not_performed_reason,hc_procedure.proc_not_perf_rsn_416237000
hc_procedure.proc_not_perf_rsn_266881002_hc_vs_procedure_not_performed_reason,hc_procedure.proc_not_perf_rsn_416237000
hc_procedure.proc_not_perf_rsn_4511000175106_hc_vs_procedure_not_performed_reason,hc_procedure.proc_not_perf_rsn_416237000
hc_procedure.proc_not_perf_rsn_397004005_hc_vs_procedure_not_performed_reason,hc_procedure.proc_not_perf_rsn_416237000
hc_procedure.proc_not_perf_rsn_164985005_hc_vs_procedure_not_performed_reason,hc_procedure.proc_not_perf_rsn_416237000
hc_procedure.proc_not_perf_rsn_165343008_hc_vs_procedure_not_performed_reason,hc_procedure.proc_not_perf_rsn_416237000
hc_procedure.proc_not_perf_rsn_165017002_hc_vs_procedure_not_performed_reason,hc_procedure.proc_not_perf_rsn_416237000
hc_procedure.proc_not_perf_rsn_165026004_hc_vs_procedure_not_performed_reason,hc_procedure.proc_not_perf_rsn_416237000
hc_procedure.proc_not_perf_rsn_443788002_hc_vs_procedure_not_performed_reason,hc_procedure.proc_not_perf_rsn_416237000
hc_procedure.proc_not_perf_rsn_266756008_hc_vs_procedure_not_performed_reason,hc_procedure.proc_not_perf_rsn_416237000
hc_procedure.proc_not_perf_rsn_371900001_hc_vs_procedure_not_performed_reason,hc_procedure.proc_not_perf_rsn_416237000
hc_procedure.proc_not_perf_rsn_165104002_hc_vs_procedure_not_performed_reason,hc_procedure.proc_not_perf_rsn_416237000
hc_procedure.proc_not_perf_rsn_164831009_hc_vs_procedure_not_performed_reason,hc_procedure.proc_not_perf_rsn_416237000
hc_procedure.proc_not_perf_rsn_164713001_hc_vs_procedure_not_performed_reason,hc_procedure.proc_not_perf_rsn_416237000
hc_procedure.proc_not_perf_rsn_396781004_hc_vs_procedure_not_performed_reason,hc_procedure.proc_not_perf_rsn_416237000
hc_procedure.proc_not_perf_rsn_182849000_hc_vs_procedure_not_performed_reason,hc_procedure.proc_not_perf_rsn_416237000
hc_procedure.proc_not_perf_rsn_416128008_hc_vs_procedure_not_performed_reason,hc_procedure.proc_not_perf_rsn_416237000
hc_procedure.proc_not_perf_rsn_418731009_hc_vs_procedure_not_performed_reason,hc_procedure.proc_not_perf_rsn_416237000
hc_procedure.proc_not_perf_rsn_165122004_hc_vs_procedure_not_performed_reason,hc_procedure.proc_not_perf_rsn_416237000
hc_procedure.proc_not_perf_rsn_163628001_hc_vs_procedure_not_performed_reason,hc_procedure.proc_not_perf_rsn_416237000
hc_procedure.proc_not_perf_rsn_164503006_hc_vs_procedure_not_performed_reason,hc_procedure.proc_not_perf_rsn_416237000
hc_procedure.proc_not_perf_rsn_391016008_hc_vs_procedure_not_performed_reason,hc_procedure.proc_not_perf_rsn_416237000
hc_procedure.proc_not_perf_rsn_162650008_hc_vs_procedure_not_performed_reason,hc_procedure.proc_not_perf_rsn_416237000
hc_procedure.proc_not_perf_rsn_698569004_hc_vs_procedure_not_performed_reason,hc_procedure.proc_not_perf_rsn_416237000
hc_procedure.proc_not_perf_rsn_418014008_hc_vs_procedure_not_performed_reason,hc_procedure.proc_not_perf_rsn_416237000
hc_procedure.proc_not_perf_rsn_712751006_hc_vs_procedure_not_performed_reason,hc_procedure.proc_not_perf_rsn_416237000
hc_procedure.proc_not_perf_rsn_168497006_hc_vs_procedure_not_performed_reason,hc_procedure.proc_not_perf_rsn_416237000
hc_procedure.proc_not_perf_rsn_408836004_hc_vs_procedure_not_performed_reason,hc_procedure.proc_not_perf_rsn_416237000
hc_procedure.proc_not_perf_rsn_164776000_hc_vs_procedure_not_performed_reason,hc_procedure.proc_not_perf_rsn_416237000
hc_procedure.proc_not_perf_rsn_164766003_hc_vs_procedure_not_performed_reason,hc_procedure.proc_not_perf_rsn_416237000
hc_procedure.proc_not_perf_rsn_164808009_hc_vs_procedure_not_performed_reason,hc_procedure.proc_not_perf_rsn_416237000
hc_procedure.proc_not_perf_rsn_164786004_hc_vs_procedure_not_performed_reason,hc_procedure.proc_not_perf_rsn_416237000
hc_procedure.proc_not_perf_rsn_164823004_hc_vs_procedure_not_performed_reason,hc_procedure.proc_not_perf_rsn_416237000
hc_procedure.proc_not_perf_rsn_164795007_hc_vs_procedure_not_performed_reason,hc_procedure.proc_not_perf_rsn_416237000
hc_procedure.proc_not_perf_rsn_164964005_hc_vs_procedure_not_performed_reason,hc_procedure.proc_not_perf_rsn_416237000
hc_procedure.proc_not_perf_rsn_4231000175102_hc_vs_procedure_not_performed_reason,hc_procedure.proc_not_perf_rsn_416237000
hc_procedure.proc_not_perf_rsn_309846006_hc_vs_procedure_not_performed_reason,hc_procedure.proc_not_perf_rsn_416237000
hc_procedure.proc_not_perf_rsn_167317008_hc_vs_procedure_not_performed_reason,hc_procedure.proc_not_perf_rsn_416237000
hc_procedure.proc_not_perf_rsn_167260001_hc_vs_procedure_not_performed_reason,hc_procedure.proc_not_perf_rsn_416237000
hc_procedure.proc_not_perf_rsn_167286006_hc_vs_procedure_not_performed_reason,hc_procedure.proc_not_perf_rsn_416237000
hc_procedure.proc_not_perf_rsn_394965000_hc_vs_procedure_not_performed_reason,hc_procedure.proc_not_perf_rsn_416237000
hc_procedure.proc_not_perf_rsn_167219008_hc_vs_procedure_not_performed_reason,hc_procedure.proc_not_perf_rsn_416237000
hc_procedure.proc_not_perf_rsn_167306007_hc_vs_procedure_not_performed_reason,hc_procedure.proc_not_perf_rsn_416237000
hc_procedure.proc_not_perf_rsn_167272007_hc_vs_procedure_not_performed_reason,hc_procedure.proc_not_perf_rsn_416237000
hc_procedure.proc_not_perf_rsn_167322008_hc_vs_procedure_not_performed_reason,hc_procedure.proc_not_perf_rsn_416237000
hc_procedure.proc_not_perf_rsn_164725003_hc_vs_procedure_not_performed_reason,hc_procedure.proc_not_perf_rsn_416237000
hc_procedure.proc_not_perf_rsn_441989008_hc_vs_procedure_not_performed_reason,hc_procedure.proc_not_perf_rsn_165008002
hc_procedure.proc_not_perf_rsn_164997006_hc_vs_procedure_not_performed_reason,hc_procedure.proc_not_perf_rsn_165008002
hc_procedure.proc_not_perf_rsn_164978006_hc_vs_procedure_not_performed_reason,hc_procedure.proc_not_perf_rsn_165008002
hc_procedure.proc_not_perf_rsn_401318002_hc_vs_procedure_not_performed_reason,hc_procedure.proc_not_perf_rsn_165074004
hc_procedure.proc_not_perf_rsn_170171008_hc_vs_procedure_not_performed_reason,hc_procedure.proc_not_perf_rsn_162675007
hc_procedure.proc_not_perf_rsn_170180008_hc_vs_procedure_not_performed_reason,hc_procedure.proc_not_perf_rsn_162675007
hc_procedure.proc_not_perf_rsn_170135007_hc_vs_procedure_not_performed_reason,hc_procedure.proc_not_perf_rsn_162675007
hc_procedure.proc_not_perf_rsn_170144008_hc_vs_procedure_not_performed_reason,hc_procedure.proc_not_perf_rsn_162675007
hc_procedure.proc_not_perf_rsn_170153001_hc_vs_procedure_not_performed_reason,hc_procedure.proc_not_perf_rsn_162675007
hc_procedure.proc_not_perf_rsn_170162004_hc_vs_procedure_not_performed_reason,hc_procedure.proc_not_perf_rsn_162675007
hc_procedure.proc_not_perf_rsn_170126000_hc_vs_procedure_not_performed_reason,hc_procedure.proc_not_perf_rsn_162675007
hc_procedure.proc_not_perf_rsn_170257006_hc_vs_procedure_not_performed_reason,hc_procedure.proc_not_perf_rsn_162675007
hc_procedure.proc_not_perf_rsn_170275007_hc_vs_procedure_not_performed_reason,hc_procedure.proc_not_perf_rsn_162675007
hc_procedure.proc_not_perf_rsn_170284007_hc_vs_procedure_not_performed_reason,hc_procedure.proc_not_perf_rsn_162675007
hc_procedure.proc_not_perf_rsn_170293008_hc_vs_procedure_not_performed_reason,hc_procedure.proc_not_perf_rsn_162675007
hc_procedure.proc_not_perf_rsn_170266005_hc_vs_procedure_not_performed_reason,hc_procedure.proc_not_perf_rsn_162675007
hc_procedure.proc_not_perf_rsn_170117003_hc_vs_procedure_not_performed_reason,hc_procedure.proc_not_perf_rsn_162675007
hc_procedure.proc_not_perf_rsn_408504000_hc_vs_procedure_not_performed_reason,hc_procedure.proc_not_perf_rsn_162675007
hc_procedure.proc_not_perf_rsn_170304008_hc_vs_procedure_not_performed_reason,hc_procedure.proc_not_perf_rsn_162675007
hc_procedure.proc_not_perf_rsn_170108003_hc_vs_procedure_not_performed_reason,"hc_procedure.proc_not_perf_rsn_162650008,hc_procedure.proc_not_perf_rsn_162675007"
hc_procedure.proc_not_perf_rsn_170100005_hc_vs_procedure_not_performed_reason,"hc_procedure.proc_not_perf_rsn_162650008,hc_procedure.proc_not_perf_rsn_162675007"
hc_procedure.proc_not_perf_rsn_5991000175105_hc_vs_procedure_not_performed_reason,hc_procedure.proc_not_perf_rsn_165017002
hc_procedure.proc_not_perf_rsn_165035006_hc_vs_procedure_not_performed_reason,hc_procedure.proc_not_perf_rsn_165017002
hc_procedure.proc_not_perf_rsn_4541000175105_hc_vs_procedure_not_performed_reason,hc_procedure.proc_not_perf_rsn_165017002
hc_procedure.proc_not_perf_rsn_183930009_hc_vs_procedure_not_performed_reason,hc_procedure.proc_not_perf_rsn_266756008
hc_procedure.proc_not_perf_rsn_183929004_hc_vs_procedure_not_performed_reason,hc_procedure.proc_not_perf_rsn_266756008
hc_procedure.proc_not_perf_rsn_183928007_hc_vs_procedure_not_performed_reason,hc_procedure.proc_not_perf_rsn_266756008
hc_procedure.proc_not_perf_rsn_373147003_hc_vs_procedure_not_performed_reason,hc_procedure.proc_not_perf_rsn_371900001
hc_procedure.proc_not_perf_rsn_373148008_hc_vs_procedure_not_performed_reason,hc_procedure.proc_not_perf_rsn_373147003
hc_procedure.proc_not_perf_rsn_712985002_hc_vs_procedure_not_performed_reason,hc_procedure.proc_not_perf_rsn_371900001
hc_procedure.proc_not_perf_rsn_6041000175108_hc_vs_procedure_not_performed_reason,hc_procedure.proc_not_perf_rsn_371900001
hc_procedure.proc_not_perf_rsn_6051000175105_hc_vs_procedure_not_performed_reason,hc_procedure.proc_not_perf_rsn_371900001
hc_procedure.proc_not_perf_rsn_4521000175102_hc_vs_procedure_not_performed_reason,hc_procedure.proc_not_perf_rsn_371900001
hc_procedure.proc_not_perf_rsn_6021000175100_hc_vs_procedure_not_performed_reason,hc_procedure.proc_not_perf_rsn_371900001
hc_procedure.proc_not_perf_rsn_6031000175102_hc_vs_procedure_not_performed_reason,hc_procedure.proc_not_perf_rsn_371900001
hc_procedure.proc_not_perf_rsn_4431000175103_hc_vs_procedure_not_performed_reason,hc_procedure.proc_not_perf_rsn_182849000
hc_procedure.proc_not_perf_rsn_6011000175109_hc_vs_procedure_not_performed_reason,hc_procedure.proc_not_perf_rsn_182849000
hc_procedure.proc_not_perf_rsn_4571000175101_hc_vs_procedure_not_performed_reason,hc_procedure.proc_not_perf_rsn_182849000
hc_procedure.proc_not_perf_rsn_6001000175106_hc_vs_procedure_not_performed_reason,hc_procedure.proc_not_perf_rsn_182849000
hc_procedure.proc_not_perf_rsn_715622005_hc_vs_procedure_not_performed_reason,hc_procedure.proc_not_perf_rsn_182849000
hc_procedure.proc_not_perf_rsn_169607004_hc_vs_procedure_not_performed_reason,hc_procedure.proc_not_perf_rsn_416128008
hc_procedure.proc_not_perf_rsn_169611005_hc_vs_procedure_not_performed_reason,hc_procedure.proc_not_perf_rsn_169607004
hc_procedure.proc_not_perf_rsn_698753008_hc_vs_procedure_not_performed_reason,hc_procedure.proc_not_perf_rsn_416128008
hc_procedure.proc_not_perf_rsn_703942005_hc_vs_procedure_not_performed_reason,"hc_procedure.proc_not_perf_rsn_168497006,hc_procedure.proc_not_perf_rsn_416128008"
hc_procedure.proc_not_perf_rsn_162980001_hc_vs_procedure_not_performed_reason,hc_procedure.proc_not_perf_rsn_162650008
hc_procedure.proc_not_perf_rsn_164176006_hc_vs_procedure_not_performed_reason,hc_procedure.proc_not_perf_rsn_162650008
hc_procedure.proc_not_perf_rsn_163582008_hc_vs_procedure_not_performed_reason,hc_procedure.proc_not_perf_rsn_162650008
hc_procedure.proc_not_perf_rsn_163900009_hc_vs_procedure_not_performed_reason,hc_procedure.proc_not_perf_rsn_162650008
hc_procedure.proc_not_perf_rsn_164445005_hc_vs_procedure_not_performed_reason,hc_procedure.proc_not_perf_rsn_162650008
hc_procedure.proc_not_perf_rsn_164321005_hc_vs_procedure_not_performed_reason,hc_procedure.proc_not_perf_rsn_162650008
hc_procedure.proc_not_perf_rsn_164286000_hc_vs_procedure_not_performed_reason,hc_procedure.proc_not_perf_rsn_162650008
hc_procedure.proc_not_perf_rsn_162882008_hc_vs_procedure_not_performed_reason,hc_procedure.proc_not_perf_rsn_162650008
hc_procedure.proc_not_perf_rsn_390848004_hc_vs_procedure_not_performed_reason,hc_procedure.proc_not_perf_rsn_162650008
hc_procedure.proc_not_perf_rsn_310352003_hc_vs_procedure_not_performed_reason,hc_procedure.proc_not_perf_rsn_168497006
hc_procedure.proc_not_perf_rsn_408837008_hc_vs_procedure_not_performed_reason,hc_procedure.proc_not_perf_rsn_408836004
hc_procedure.proc_not_perf_rsn_167296002_hc_vs_procedure_not_performed_reason,hc_procedure.proc_not_perf_rsn_167219008
hc_procedure.proc_not_perf_rsn_415667005_hc_vs_procedure_not_performed_reason,hc_procedure.proc_not_perf_rsn_428119001
hc_procedure.proc_not_perf_rsn_417218000_hc_vs_procedure_not_performed_reason,hc_procedure.proc_not_perf_rsn_428119001
hc_procedure.proc_not_perf_rsn_413812009_hc_vs_procedure_not_performed_reason,hc_procedure.proc_not_perf_rsn_428119001
hc_procedure.proc_not_perf_rsn_413167008_hc_vs_procedure_not_performed_reason,hc_procedure.proc_not_perf_rsn_428119001
hc_procedure.proc_not_perf_rsn_408397002_hc_vs_procedure_not_performed_reason,hc_procedure.proc_not_perf_rsn_428119001
hc_procedure.proc_not_perf_rsn_408396006_hc_vs_procedure_not_performed_reason,hc_procedure.proc_not_perf_rsn_428119001
hc_procedure.proc_not_perf_rsn_417013004_hc_vs_procedure_not_performed_reason,hc_procedure.proc_not_perf_rsn_428119001
hc_procedure.proc_not_perf_rsn_709198003_hc_vs_procedure_not_performed_reason,hc_procedure.proc_not_perf_rsn_428119001
hc_procedure.proc_not_perf_rsn_699048004_hc_vs_procedure_not_performed_reason,hc_procedure.proc_not_perf_rsn_428119001
hc_procedure.proc_not_perf_rsn_703971006_hc_vs_procedure_not_performed_reason,hc_procedure.proc_not_perf_rsn_428119001
hc_procedure.proc_not_perf_rsn_707287001_hc_vs_procedure_not_performed_reason,hc_procedure.proc_not_perf_rsn_428119001
hc_procedure.proc_not_perf_rsn_407573008_hc_vs_procedure_not_performed_reason,hc_procedure.proc_not_perf_rsn_428119001
hc_procedure.proc_not_perf_rsn_712740006_hc_vs_procedure_not_performed_reason,hc_procedure.proc_not_perf_rsn_428119001
hc_procedure.proc_not_perf_rsn_415119001_hc_vs_procedure_not_performed_reason,hc_procedure.proc_not_perf_rsn_428119001
hc_procedure.proc_not_perf_rsn_704052004_hc_vs_procedure_not_performed_reason,hc_procedure.proc_not_perf_rsn_428119001
hc_procedure.proc_not_perf_rsn_704096004_hc_vs_procedure_not_performed_reason,hc_procedure.proc_not_perf_rsn_428119001
hc_procedure.proc_not_perf_rsn_408398007_hc_vs_procedure_not_performed_reason,hc_procedure.proc_not_perf_rsn_428119001
hc_procedure.proc_not_perf_rsn_415570002_hc_vs_procedure_not_performed_reason,hc_procedure.proc_not_perf_rsn_428119001
hc_procedure.proc_not_perf_rsn_183965009_hc_vs_procedure_not_performed_reason,hc_procedure.proc_not_perf_rsn_428119001
hc_procedure.proc_not_perf_rsn_707853004_hc_vs_procedure_not_performed_reason,hc_procedure.proc_not_perf_rsn_428119001
hc_procedure.proc_not_perf_rsn_183964008_hc_vs_procedure_not_performed_reason,hc_procedure.proc_not_perf_rsn_428119001
hc_procedure.proc_not_perf_rsn_183966005_hc_vs_procedure_not_performed_reason,hc_procedure.proc_not_perf_rsn_183964008
hc_procedure.proc_not_perf_rsn_135807000_hc_vs_procedure_not_performed_reason,hc_procedure.proc_not_perf_rsn_183964008
hc_procedure.proc_not_perf_rsn_407572003_hc_vs_procedure_not_performed_reason,hc_procedure.proc_not_perf_rsn_183966005
hc_procedure.proc_not_perf_rsn_134390006_hc_vs_procedure_not_performed_reason,hc_procedure.proc_not_perf_rsn_183966005
hc_procedure.proc_not_perf_rsn_700384008_hc_vs_procedure_not_performed_reason,hc_procedure.proc_not_perf_rsn_183966005
hc_procedure.proc_not_perf_rsn_413560001_hc_vs_procedure_not_performed_reason,hc_procedure.proc_not_perf_rsn_183966005
hc_procedure.proc_not_perf_rsn_134394002_hc_vs_procedure_not_performed_reason,hc_procedure.proc_not_perf_rsn_183966005
hc_procedure.proc_not_perf_rsn_315214003_hc_vs_procedure_not_performed_reason,hc_procedure.proc_not_perf_rsn_183966005
hc_procedure.proc_not_perf_rsn_417434004_hc_vs_procedure_not_performed_reason,hc_procedure.proc_not_perf_rsn_183966005
hc_procedure.proc_not_perf_rsn_135806009_hc_vs_procedure_not_performed_reason,hc_procedure.proc_not_perf_rsn_183966005
hc_procedure.proc_not_perf_rsn_407571005_hc_vs_procedure_not_performed_reason,hc_procedure.proc_not_perf_rsn_183966005
hc_procedure.proc_not_perf_rsn_406149000_hc_vs_procedure_not_performed_reason,hc_procedure.proc_not_perf_rsn_183944003
hc_procedure.proc_not_perf_rsn_416678006_hc_vs_procedure_not_performed_reason,"hc_procedure.proc_not_perf_rsn_406149000,hc_procedure.proc_not_perf_rsn_183966005"
hc_procedure.proc_not_perf_rsn_135808005_hc_vs_procedure_not_performed_reason,hc_procedure.proc_not_perf_rsn_183966005
hc_procedure.proc_not_perf_rsn_416670004_hc_vs_procedure_not_performed_reason,hc_procedure.proc_not_perf_rsn_183966005
hc_procedure.proc_not_perf_rsn_135805008_hc_vs_procedure_not_performed_reason,hc_procedure.proc_not_perf_rsn_183966005
hc_procedure.proc_not_perf_rsn_704033005_hc_vs_procedure_not_performed_reason,hc_procedure.proc_not_perf_rsn_183966005
hc_procedure.proc_not_perf_rsn_704000000_hc_vs_procedure_not_performed_reason,hc_procedure.proc_not_perf_rsn_183966005
hc_procedure.proc_not_perf_rsn_416664005_hc_vs_procedure_not_performed_reason,hc_procedure.proc_not_perf_rsn_183966005
hc_procedure.proc_not_perf_rsn_134391005_hc_vs_procedure_not_performed_reason,hc_procedure.proc_not_perf_rsn_183966005
hc_procedure.proc_not_perf_rsn_416741000_hc_vs_procedure_not_performed_reason,hc_procedure.proc_not_perf_rsn_183966005
hc_procedure.proc_not_perf_rsn_703996009_hc_vs_procedure_not_performed_reason,hc_procedure.proc_not_perf_rsn_183966005
hc_procedure.proc_not_perf_rsn_408339001_hc_vs_procedure_not_performed_reason,hc_procedure.proc_not_perf_rsn_183966005
hc_procedure.proc_not_perf_rsn_134392003_hc_vs_procedure_not_performed_reason,hc_procedure.proc_not_perf_rsn_183966005
hc_procedure.proc_not_perf_rsn_170169008_hc_vs_procedure_not_performed_reason,hc_procedure.proc_not_perf_rsn_416064006
hc_procedure.proc_not_perf_rsn_170178002_hc_vs_procedure_not_performed_reason,hc_procedure.proc_not_perf_rsn_416064006
hc_procedure.proc_not_perf_rsn_170133000_hc_vs_procedure_not_performed_reason,hc_procedure.proc_not_perf_rsn_416064006
hc_procedure.proc_not_perf_rsn_170142007_hc_vs_procedure_not_performed_reason,hc_procedure.proc_not_perf_rsn_416064006
hc_procedure.proc_not_perf_rsn_170151004_hc_vs_procedure_not_performed_reason,hc_procedure.proc_not_perf_rsn_416064006
hc_procedure.proc_not_perf_rsn_170160007_hc_vs_procedure_not_performed_reason,hc_procedure.proc_not_perf_rsn_416064006
hc_procedure.proc_not_perf_rsn_170124002_hc_vs_procedure_not_performed_reason,hc_procedure.proc_not_perf_rsn_416064006
hc_procedure.proc_not_perf_rsn_712851004_hc_vs_procedure_not_performed_reason,hc_procedure.proc_not_perf_rsn_416064006
hc_procedure.proc_not_perf_rsn_712852006_hc_vs_procedure_not_performed_reason,hc_procedure.proc_not_perf_rsn_416064006
hc_procedure.proc_not_perf_rsn_169608009_hc_vs_procedure_not_performed_reason,hc_procedure.proc_not_perf_rsn_416064006
hc_procedure.proc_not_perf_rsn_170255003_hc_vs_procedure_not_performed_reason,hc_procedure.proc_not_perf_rsn_416064006
hc_procedure.proc_not_perf_rsn_170273000_hc_vs_procedure_not_performed_reason,hc_procedure.proc_not_perf_rsn_416064006
hc_procedure.proc_not_perf_rsn_170282006_hc_vs_procedure_not_performed_reason,hc_procedure.proc_not_perf_rsn_416064006
hc_procedure.proc_not_perf_rsn_170291005_hc_vs_procedure_not_performed_reason,hc_procedure.proc_not_perf_rsn_416064006
hc_procedure.proc_not_perf_rsn_170264008_hc_vs_procedure_not_performed_reason,hc_procedure.proc_not_perf_rsn_416064006
hc_procedure.proc_not_perf_rsn_170115006_hc_vs_procedure_not_performed_reason,hc_procedure.proc_not_perf_rsn_416064006
hc_procedure.proc_not_perf_rsn_408506003_hc_vs_procedure_not_performed_reason,hc_procedure.proc_not_perf_rsn_416064006
hc_procedure.proc_not_perf_rsn_170301000_hc_vs_procedure_not_performed_reason,hc_procedure.proc_not_perf_rsn_416064006
hc_procedure.proc_not_perf_rsn_147022006_hc_vs_procedure_not_performed_reason,hc_procedure.proc_not_perf_rsn_416064006
hc_procedure.proc_not_perf_rsn_148477008_hc_vs_procedure_not_performed_reason,hc_procedure.proc_not_perf_rsn_416064006
hc_procedure.proc_not_perf_rsn_444062004_hc_vs_procedure_not_performed_reason,hc_procedure.proc_not_perf_rsn_416064006
hc_procedure.proc_not_perf_rsn_712812009_hc_vs_procedure_not_performed_reason,hc_procedure.proc_not_perf_rsn_416064006
hc_procedure.proc_not_perf_rsn_712996005_hc_vs_procedure_not_performed_reason,hc_procedure.proc_not_perf_rsn_416064006
hc_procedure.proc_not_perf_rsn_146922001_hc_vs_procedure_not_performed_reason,hc_procedure.proc_not_perf_rsn_416064006
hc_procedure.proc_not_perf_rsn_148324002_hc_vs_procedure_not_performed_reason,hc_procedure.proc_not_perf_rsn_416064006
hc_procedure.proc_not_perf_rsn_712790005_hc_vs_procedure_not_performed_reason,hc_procedure.proc_not_perf_rsn_416064006
hc_procedure.proc_not_perf_rsn_712803007_hc_vs_procedure_not_performed_reason,hc_procedure.proc_not_perf_rsn_148477008
hc_procedure.proc_not_perf_rsn_712870009_hc_vs_procedure_not_performed_reason,hc_procedure.proc_not_perf_rsn_148324002
hc_procedure.proc_not_perf_rsn_712869008_hc_vs_procedure_not_performed_reason,hc_procedure.proc_not_perf_rsn_148324002
hc_procedure.proc_not_perf_rsn_712854007_hc_vs_procedure_not_performed_reason,hc_procedure.proc_not_perf_rsn_148324002
hc_procedure.proc_not_perf_rsn_712872001_hc_vs_procedure_not_performed_reason,hc_procedure.proc_not_perf_rsn_148324002
hc_procedure.proc_not_perf_rsn_170170009_hc_vs_procedure_not_performed_reason,hc_procedure.proc_not_perf_rsn_416432009
hc_procedure.proc_not_perf_rsn_170179005_hc_vs_procedure_not_performed_reason,hc_procedure.proc_not_perf_rsn_416432009
hc_procedure.proc_not_perf_rsn_170134006_hc_vs_procedure_not_performed_reason,hc_procedure.proc_not_perf_rsn_416432009
hc_procedure.proc_not_perf_rsn_170143002_hc_vs_procedure_not_performed_reason,hc_procedure.proc_not_perf_rsn_416432009
hc_procedure.proc_not_perf_rsn_170152006_hc_vs_procedure_not_performed_reason,hc_procedure.proc_not_perf_rsn_416432009
hc_procedure.proc_not_perf_rsn_170161006_hc_vs_procedure_not_performed_reason,hc_procedure.proc_not_perf_rsn_416432009
hc_procedure.proc_not_perf_rsn_170125001_hc_vs_procedure_not_performed_reason,hc_procedure.proc_not_perf_rsn_416432009
hc_procedure.proc_not_perf_rsn_169687001_hc_vs_procedure_not_performed_reason,hc_procedure.proc_not_perf_rsn_416432009
hc_procedure.proc_not_perf_rsn_169649009_hc_vs_procedure_not_performed_reason,hc_procedure.proc_not_perf_rsn_416432009
hc_procedure.proc_not_perf_rsn_169609001_hc_vs_procedure_not_performed_reason,hc_procedure.proc_not_perf_rsn_416432009
hc_procedure.proc_not_perf_rsn_169660000_hc_vs_procedure_not_performed_reason,hc_procedure.proc_not_perf_rsn_416432009
hc_procedure.proc_not_perf_rsn_170256002_hc_vs_procedure_not_performed_reason,hc_procedure.proc_not_perf_rsn_416432009
hc_procedure.proc_not_perf_rsn_170274006_hc_vs_procedure_not_performed_reason,hc_procedure.proc_not_perf_rsn_416432009
hc_procedure.proc_not_perf_rsn_170283001_hc_vs_procedure_not_performed_reason,hc_procedure.proc_not_perf_rsn_416432009
hc_procedure.proc_not_perf_rsn_170292003_hc_vs_procedure_not_performed_reason,hc_procedure.proc_not_perf_rsn_416432009
hc_procedure.proc_not_perf_rsn_170265009_hc_vs_procedure_not_performed_reason,hc_procedure.proc_not_perf_rsn_416432009
hc_procedure.proc_not_perf_rsn_170116007_hc_vs_procedure_not_performed_reason,hc_procedure.proc_not_perf_rsn_416432009
hc_procedure.proc_not_perf_rsn_408505004_hc_vs_procedure_not_performed_reason,hc_procedure.proc_not_perf_rsn_416432009
hc_procedure.proc_not_perf_rsn_170302007_hc_vs_procedure_not_performed_reason,hc_procedure.proc_not_perf_rsn_416432009
hc_procedure.proc_not_perf_rsn_184163005_hc_vs_procedure_not_performed_reason,hc_procedure.proc_not_perf_rsn_416432009
hc_procedure.proc_not_perf_rsn_169796005_hc_vs_procedure_not_performed_reason,hc_procedure.proc_not_perf_rsn_416432009
hc_procedure.proc_not_perf_rsn_171034000_hc_vs_procedure_not_performed_reason,hc_procedure.proc_not_perf_rsn_416432009
hc_procedure.proc_not_perf_rsn_169635000_hc_vs_procedure_not_performed_reason,hc_procedure.proc_not_perf_rsn_416432009
hc_procedure.proc_not_perf_rsn_169693009_hc_vs_procedure_not_performed_reason,hc_procedure.proc_not_perf_rsn_416432009
hc_procedure.proc_not_perf_rsn_171103002_hc_vs_procedure_not_performed_reason,hc_procedure.proc_not_perf_rsn_416432009
hc_procedure.proc_not_perf_rsn_169795009_hc_vs_procedure_not_performed_reason,hc_procedure.proc_not_perf_rsn_416432009
hc_procedure.proc_not_perf_rsn_171152003_hc_vs_procedure_not_performed_reason,hc_procedure.proc_not_perf_rsn_171103002
hc_procedure.proc_not_perf_rsn_698357006_hc_vs_procedure_not_performed_reason,hc_procedure.proc_not_perf_rsn_183944003
hc_procedure.proc_not_perf_rsn_699054003_hc_vs_procedure_not_performed_reason,hc_procedure.proc_not_perf_rsn_183944003
hc_procedure.proc_not_perf_rsn_713615000_hc_vs_procedure_not_performed_reason,hc_procedure.proc_not_perf_rsn_183944003
hc_procedure.proc_not_perf_rsn_428073005_hc_vs_procedure_not_performed_reason,hc_procedure.proc_not_perf_rsn_183944003
hc_procedure.proc_not_perf_rsn_442392002_hc_vs_procedure_not_performed_reason,hc_procedure.proc_not_perf_rsn_183944003
hc_procedure.proc_not_perf_rsn_408549002_hc_vs_procedure_not_performed_reason,hc_procedure.proc_not_perf_rsn_183944003
hc_procedure.proc_not_perf_rsn_698451006_hc_vs_procedure_not_performed_reason,hc_procedure.proc_not_perf_rsn_183944003
hc_procedure.proc_not_perf_rsn_442324008_hc_vs_procedure_not_performed_reason,hc_procedure.proc_not_perf_rsn_183944003
hc_procedure.proc_not_perf_rsn_183949008_hc_vs_procedure_not_performed_reason,hc_procedure.proc_not_perf_rsn_183944003
hc_procedure.proc_not_perf_rsn_705140004_hc_vs_procedure_not_performed_reason,hc_procedure.proc_not_perf_rsn_183944003
hc_procedure.proc_not_perf_rsn_715508000_hc_vs_procedure_not_performed_reason,hc_procedure.proc_not_perf_rsn_183944003
hc_procedure.proc_not_perf_rsn_416126007_hc_vs_procedure_not_performed_reason,hc_procedure.proc_not_perf_rsn_183944003
hc_procedure.proc_not_perf_rsn_698473004_hc_vs_procedure_not_performed_reason,hc_procedure.proc_not_perf_rsn_183944003
hc_procedure.proc_not_perf_rsn_413123006_hc_vs_procedure_not_performed_reason,hc_procedure.proc_not_perf_rsn_183944003
hc_procedure.proc_not_perf_rsn_720833006_hc_vs_procedure_not_performed_reason,hc_procedure.proc_not_perf_rsn_183944003
hc_procedure.proc_not_perf_rsn_12275351000119100_hc_vs_procedure_not_performed_reason,hc_procedure.proc_not_perf_rsn_183944003
hc_procedure.proc_not_perf_rsn_703992006_hc_vs_procedure_not_performed_reason,hc_procedure.proc_not_perf_rsn_183944003
hc_procedure.proc_not_perf_rsn_413756001_hc_vs_procedure_not_performed_reason,hc_procedure.proc_not_perf_rsn_183944003
hc_procedure.proc_not_perf_rsn_429284000_hc_vs_procedure_not_performed_reason,hc_procedure.proc_not_perf_rsn_183944003
hc_procedure.proc_not_perf_rsn_183956002_hc_vs_procedure_not_performed_reason,hc_procedure.proc_not_perf_rsn_183944003
hc_procedure.proc_not_perf_rsn_112241000119107_hc_vs_procedure_not_performed_reason,hc_procedure.proc_not_perf_rsn_183944003
hc_procedure.proc_not_perf_rsn_412718006_hc_vs_procedure_not_performed_reason,hc_procedure.proc_not_perf_rsn_183944003
hc_procedure.proc_not_perf_rsn_31001000119109_hc_vs_procedure_not_performed_reason,hc_procedure.proc_not_perf_rsn_183944003
hc_procedure.proc_not_perf_rsn_116101000119100_hc_vs_procedure_not_performed_reason,hc_procedure.proc_not_perf_rsn_183944003
hc_procedure.proc_not_perf_rsn_428650003_hc_vs_procedure_not_performed_reason,hc_procedure.proc_not_perf_rsn_183944003
hc_procedure.proc_not_perf_rsn_412713002_hc_vs_procedure_not_performed_reason,hc_procedure.proc_not_perf_rsn_183944003
hc_procedure.proc_not_perf_rsn_315021005_hc_vs_procedure_not_performed_reason,hc_procedure.proc_not_perf_rsn_183944003
hc_procedure.proc_not_perf_rsn_439495000_hc_vs_procedure_not_performed_reason,hc_procedure.proc_not_perf_rsn_183944003
hc_procedure.proc_not_perf_rsn_428841003_hc_vs_procedure_not_performed_reason,hc_procedure.proc_not_perf_rsn_183944003
hc_procedure.proc_not_perf_rsn_720834000_hc_vs_procedure_not_performed_reason,hc_procedure.proc_not_perf_rsn_183944003
hc_procedure.proc_not_perf_rsn_412752009_hc_vs_procedure_not_performed_reason,hc_procedure.proc_not_perf_rsn_183944003
hc_procedure.proc_not_perf_rsn_413122001_hc_vs_procedure_not_performed_reason,hc_procedure.proc_not_perf_rsn_183944003
hc_procedure.proc_not_perf_rsn_408569007_hc_vs_procedure_not_performed_reason,hc_procedure.proc_not_perf_rsn_183944003
hc_procedure.proc_not_perf_rsn_714747005_hc_vs_procedure_not_performed_reason,hc_procedure.proc_not_perf_rsn_183944003
hc_procedure.proc_not_perf_rsn_408566000_hc_vs_procedure_not_performed_reason,hc_procedure.proc_not_perf_rsn_183944003
hc_procedure.proc_not_perf_rsn_408551003_hc_vs_procedure_not_performed_reason,hc_procedure.proc_not_perf_rsn_183944003
hc_procedure.proc_not_perf_rsn_720832001_hc_vs_procedure_not_performed_reason,hc_procedure.proc_not_perf_rsn_183944003
hc_procedure.proc_not_perf_rsn_699053009_hc_vs_procedure_not_performed_reason,hc_procedure.proc_not_perf_rsn_183944003
hc_procedure.proc_not_perf_rsn_426544006_hc_vs_procedure_not_performed_reason,hc_procedure.proc_not_perf_rsn_183944003
hc_procedure.proc_not_perf_rsn_699034004_hc_vs_procedure_not_performed_reason,hc_procedure.proc_not_perf_rsn_183944003
hc_procedure.proc_not_perf_rsn_122371000119100_hc_vs_procedure_not_performed_reason,hc_procedure.proc_not_perf_rsn_183944003
hc_procedure.proc_not_perf_rsn_401047000_hc_vs_procedure_not_performed_reason,hc_procedure.proc_not_perf_rsn_183944003
hc_procedure.proc_not_perf_rsn_135826008_hc_vs_procedure_not_performed_reason,hc_procedure.proc_not_perf_rsn_183944003
hc_procedure.proc_not_perf_rsn_408548005_hc_vs_procedure_not_performed_reason,hc_procedure.proc_not_perf_rsn_183944003
hc_procedure.proc_not_perf_rsn_444020006_hc_vs_procedure_not_performed_reason,hc_procedure.proc_not_perf_rsn_183944003
hc_procedure.proc_not_perf_rsn_698484006_hc_vs_procedure_not_performed_reason,hc_procedure.proc_not_perf_rsn_183944003
hc_procedure.proc_not_perf_rsn_412725004_hc_vs_procedure_not_performed_reason,hc_procedure.proc_not_perf_rsn_183944003
hc_procedure.proc_not_perf_rsn_428042006_hc_vs_procedure_not_performed_reason,hc_procedure.proc_not_perf_rsn_183944003
hc_procedure.proc_not_perf_rsn_704046000_hc_vs_procedure_not_performed_reason,hc_procedure.proc_not_perf_rsn_183944003
hc_procedure.proc_not_perf_rsn_408558009_hc_vs_procedure_not_performed_reason,hc_procedure.proc_not_perf_rsn_183944003
hc_procedure.proc_not_perf_rsn_429688007_hc_vs_procedure_not_performed_reason,hc_procedure.proc_not_perf_rsn_183944003
hc_procedure.proc_not_perf_rsn_391015007_hc_vs_procedure_not_performed_reason,hc_procedure.proc_not_perf_rsn_183944003
hc_procedure.proc_not_perf_rsn_124801000119108_hc_vs_procedure_not_performed_reason,hc_procedure.proc_not_perf_rsn_183944003
hc_procedure.proc_not_perf_rsn_116491000119104_hc_vs_procedure_not_performed_reason,hc_procedure.proc_not_perf_rsn_183944003
hc_procedure.proc_not_perf_rsn_713068007_hc_vs_procedure_not_performed_reason,hc_procedure.proc_not_perf_rsn_183944003
hc_procedure.proc_not_perf_rsn_183961000_hc_vs_procedure_not_performed_reason,hc_procedure.proc_not_perf_rsn_183944003
hc_procedure.proc_not_perf_rsn_165342003_hc_vs_procedure_not_performed_reason,hc_procedure.proc_not_perf_rsn_183944003
hc_procedure.proc_not_perf_rsn_429739001_hc_vs_procedure_not_performed_reason,hc_procedure.proc_not_perf_rsn_183944003
hc_procedure.proc_not_perf_rsn_5871000175102_hc_vs_procedure_not_performed_reason,hc_procedure.proc_not_perf_rsn_183944003
hc_procedure.proc_not_perf_rsn_429726000_hc_vs_procedure_not_performed_reason,hc_procedure.proc_not_perf_rsn_183944003
hc_procedure.proc_not_perf_rsn_408559001_hc_vs_procedure_not_performed_reason,hc_procedure.proc_not_perf_rsn_183944003
hc_procedure.proc_not_perf_rsn_183946001_hc_vs_procedure_not_performed_reason,hc_procedure.proc_not_perf_rsn_183944003
hc_procedure.proc_not_perf_rsn_183945002_hc_vs_procedure_not_performed_reason,hc_procedure.proc_not_perf_rsn_183944003
hc_procedure.proc_not_perf_rsn_31011000119107_hc_vs_procedure_not_performed_reason,hc_procedure.proc_not_perf_rsn_183944003
hc_procedure.proc_not_perf_rsn_168499009_hc_vs_procedure_not_performed_reason,hc_procedure.proc_not_perf_rsn_183944003
hc_procedure.proc_not_perf_rsn_440621003_hc_vs_procedure_not_performed_reason,hc_procedure.proc_not_perf_rsn_183944003
hc_procedure.proc_not_perf_rsn_704051006_hc_vs_procedure_not_performed_reason,hc_procedure.proc_not_perf_rsn_183944003
hc_procedure.proc_not_perf_rsn_134386009_hc_vs_procedure_not_performed_reason,hc_procedure.proc_not_perf_rsn_183944003
hc_procedure.proc_not_perf_rsn_134385008_hc_vs_procedure_not_performed_reason,hc_procedure.proc_not_perf_rsn_183944003
hc_procedure.proc_not_perf_rsn_704049007_hc_vs_procedure_not_performed_reason,hc_procedure.proc_not_perf_rsn_183944003
hc_procedure.proc_not_perf_rsn_704097008_hc_vs_procedure_not_performed_reason,hc_procedure.proc_not_perf_rsn_183944003
hc_procedure.proc_not_perf_rsn_718700006_hc_vs_procedure_not_performed_reason,hc_procedure.proc_not_perf_rsn_183944003
hc_procedure.proc_not_perf_rsn_371138003_hc_vs_procedure_not_performed_reason,hc_procedure.proc_not_perf_rsn_183944003
hc_procedure.proc_not_perf_rsn_183947005_hc_vs_procedure_not_performed_reason,hc_procedure.proc_not_perf_rsn_183944003
hc_procedure.proc_not_perf_rsn_183948000_hc_vs_procedure_not_performed_reason,hc_procedure.proc_not_perf_rsn_183944003
hc_procedure.proc_not_perf_rsn_417114007_hc_vs_procedure_not_performed_reason,hc_procedure.proc_not_perf_rsn_183944003
hc_procedure.proc_not_perf_rsn_185754009_hc_vs_procedure_not_performed_reason,hc_procedure.proc_not_perf_rsn_183944003
hc_procedure.proc_not_perf_rsn_183958001_hc_vs_procedure_not_performed_reason,hc_procedure.proc_not_perf_rsn_183944003
hc_procedure.proc_not_perf_rsn_720581005_hc_vs_procedure_not_performed_reason,hc_procedure.proc_not_perf_rsn_183944003
hc_procedure.proc_not_perf_rsn_716048005_hc_vs_procedure_not_performed_reason,hc_procedure.proc_not_perf_rsn_183944003
hc_procedure.proc_not_perf_rsn_700411009_hc_vs_procedure_not_performed_reason,hc_procedure.proc_not_perf_rsn_183944003
hc_procedure.proc_not_perf_rsn_417512003_hc_vs_procedure_not_performed_reason,hc_procedure.proc_not_perf_rsn_183944003
hc_procedure.proc_not_perf_rsn_415523003_hc_vs_procedure_not_performed_reason,hc_procedure.proc_not_perf_rsn_183944003
hc_procedure.proc_not_perf_rsn_428299008_hc_vs_procedure_not_performed_reason,hc_procedure.proc_not_perf_rsn_183944003
hc_procedure.proc_not_perf_rsn_183959009_hc_vs_procedure_not_performed_reason,hc_procedure.proc_not_perf_rsn_183944003
hc_procedure.proc_not_perf_rsn_415572005_hc_vs_procedure_not_performed_reason,hc_procedure.proc_not_perf_rsn_183944003
hc_procedure.proc_not_perf_rsn_707745004_hc_vs_procedure_not_performed_reason,hc_procedure.proc_not_perf_rsn_183944003
hc_procedure.proc_not_perf_rsn_698490005_hc_vs_procedure_not_performed_reason,hc_procedure.proc_not_perf_rsn_183944003
hc_procedure.proc_not_perf_rsn_706890009_hc_vs_procedure_not_performed_reason,hc_procedure.proc_not_perf_rsn_183944003
hc_procedure.proc_not_perf_rsn_438370008_hc_vs_procedure_not_performed_reason,hc_procedure.proc_not_perf_rsn_183944003
hc_procedure.proc_not_perf_rsn_698483000_hc_vs_procedure_not_performed_reason,hc_procedure.proc_not_perf_rsn_183944003
hc_procedure.proc_not_perf_rsn_720022007_hc_vs_procedure_not_performed_reason,hc_procedure.proc_not_perf_rsn_415523003
hc_procedure.proc_not_perf_rsn_921000119109_hc_vs_procedure_not_performed_reason,"hc_procedure.proc_not_perf_rsn_406149000,hc_procedure.proc_not_perf_rsn_371138003"
hc_procedure.proc_not_perf_rsn_442444001_hc_vs_procedure_not_performed_reason,hc_procedure.proc_not_perf_rsn_440621003
hc_procedure.proc_not_perf_rsn_408567009_hc_vs_procedure_not_performed_reason,hc_procedure.proc_not_perf_rsn_168499009
hc_procedure.proc_not_perf_rsn_416888009_hc_vs_procedure_not_performed_reason,hc_procedure.proc_not_perf_rsn_168499009
hc_procedure.proc_not_perf_rsn_720835004_hc_vs_procedure_not_performed_reason,hc_procedure.proc_not_perf_rsn_168499009
hc_procedure.proc_not_perf_rsn_707746003_hc_vs_procedure_not_performed_reason,hc_procedure.proc_not_perf_rsn_168499009
hc_procedure.proc_not_perf_rsn_699128009_hc_vs_procedure_not_performed_reason,hc_procedure.proc_not_perf_rsn_699054003
hc_procedure.proc_not_perf_rsn_708129006_hc_vs_procedure_not_performed_reason,"hc_procedure.proc_not_perf_rsn_699128009,hc_procedure.proc_not_perf_rsn_183945002"
hc_procedure.proc_not_perf_rsn_165376007_hc_vs_procedure_not_performed_reason,hc_procedure.proc_not_perf_rsn_165342003
hc_procedure.proc_not_perf_rsn_401084003_hc_vs_procedure_not_performed_reason,hc_procedure.proc_not_perf_rsn_406149000
hc_procedure.proc_not_perf_rsn_134397009_hc_vs_procedure_not_performed_reason,hc_procedure.proc_not_perf_rsn_406149000
hc_procedure.proc_not_perf_rsn_413559006_hc_vs_procedure_not_performed_reason,hc_procedure.proc_not_perf_rsn_406149000
hc_procedure.proc_not_perf_rsn_698460003_hc_vs_procedure_not_performed_reason,hc_procedure.proc_not_perf_rsn_406149000
hc_procedure.proc_not_perf_rsn_315023008_hc_vs_procedure_not_performed_reason,hc_procedure.proc_not_perf_rsn_406149000
hc_procedure.proc_not_perf_rsn_408791003_hc_vs_procedure_not_performed_reason,hc_procedure.proc_not_perf_rsn_406149000
hc_procedure.proc_not_perf_rsn_315020006_hc_vs_procedure_not_performed_reason,hc_procedure.proc_not_perf_rsn_406149000
hc_procedure.proc_not_perf_rsn_395176007_hc_vs_procedure_not_performed_reason,hc_procedure.proc_not_perf_rsn_406149000
hc_procedure.proc_not_perf_rsn_135825007_hc_vs_procedure_not_performed_reason,hc_procedure.proc_not_perf_rsn_406149000
hc_procedure.proc_not_perf_rsn_699137009_hc_vs_procedure_not_performed_reason,hc_procedure.proc_not_perf_rsn_406149000
hc_procedure.proc_not_perf_rsn_407583007_hc_vs_procedure_not_performed_reason,hc_procedure.proc_not_perf_rsn_406149000
hc_procedure.proc_not_perf_rsn_135814003_hc_vs_procedure_not_performed_reason,hc_procedure.proc_not_perf_rsn_406149000
hc_procedure.proc_not_perf_rsn_182895007_hc_vs_procedure_not_performed_reason,hc_procedure.proc_not_perf_rsn_406149000
hc_procedure.proc_not_perf_rsn_408778004_hc_vs_procedure_not_performed_reason,hc_procedure.proc_not_perf_rsn_406149000
hc_procedure.proc_not_perf_rsn_438765003_hc_vs_procedure_not_performed_reason,hc_procedure.proc_not_perf_rsn_406149000
hc_procedure.proc_not_perf_rsn_591000119102_hc_vs_procedure_not_performed_reason,hc_procedure.proc_not_perf_rsn_406149000
hc_procedure.proc_not_perf_rsn_315640000_hc_vs_procedure_not_performed_reason,"hc_procedure.proc_not_perf_rsn_591000119102,hc_procedure.proc_not_perf_rsn_406149000"
hc_procedure.proc_not_perf_rsn_473149004_hc_vs_procedure_not_performed_reason,hc_procedure.proc_not_perf_rsn_406149000
hc_procedure.proc_not_perf_rsn_720548009_hc_vs_procedure_not_performed_reason,hc_procedure.proc_not_perf_rsn_406149000
hc_procedure.proc_not_perf_rsn_395703005_hc_vs_procedure_not_performed_reason,hc_procedure.proc_not_perf_rsn_406149000
hc_procedure.proc_not_perf_rsn_698758004_hc_vs_procedure_not_performed_reason,hc_procedure.proc_not_perf_rsn_406149000
hc_procedure.proc_not_perf_rsn_315022003_hc_vs_procedure_not_performed_reason,hc_procedure.proc_not_perf_rsn_406149000
hc_procedure.proc_not_perf_rsn_135812004_hc_vs_procedure_not_performed_reason,hc_procedure.proc_not_perf_rsn_406149000
hc_procedure.proc_not_perf_rsn_704047009_hc_vs_procedure_not_performed_reason,hc_procedure.proc_not_perf_rsn_406149000
hc_procedure.proc_not_perf_rsn_401086001_hc_vs_procedure_not_performed_reason,hc_procedure.proc_not_perf_rsn_406149000
hc_procedure.proc_not_perf_rsn_703991004_hc_vs_procedure_not_performed_reason,hc_procedure.proc_not_perf_rsn_406149000
hc_procedure.proc_not_perf_rsn_134396000_hc_vs_procedure_not_performed_reason,hc_procedure.proc_not_perf_rsn_406149000
hc_procedure.proc_not_perf_rsn_416522000_hc_vs_procedure_not_performed_reason,hc_procedure.proc_not_perf_rsn_406149000
hc_procedure.proc_not_perf_rsn_703989007_hc_vs_procedure_not_performed_reason,hc_procedure.proc_not_perf_rsn_406149000
hc_procedure.proc_not_perf_rsn_105480006_hc_vs_procedure_not_performed_reason,hc_procedure.proc_not_perf_rsn_183956002
hc_procedure.proc_not_perf_rsn_390914001_hc_vs_procedure_not_performed_reason,"hc_procedure.proc_not_perf_rsn_105480006,hc_procedure.proc_not_perf_rsn_406149000"
hc_procedure.proc_not_perf_rsn_408795007_hc_vs_procedure_not_performed_reason,hc_procedure.proc_not_perf_rsn_406149000
hc_procedure.proc_not_perf_rsn_134398004_hc_vs_procedure_not_performed_reason,hc_procedure.proc_not_perf_rsn_406149000
hc_procedure.proc_not_perf_rsn_720544006_hc_vs_procedure_not_performed_reason,hc_procedure.proc_not_perf_rsn_720548009
hc_procedure.proc_not_perf_rsn_720539004_hc_vs_procedure_not_performed_reason,hc_procedure.proc_not_perf_rsn_720548009
hc_procedure.proc_not_perf_rsn_720540002_hc_vs_procedure_not_performed_reason,hc_procedure.proc_not_perf_rsn_720548009
hc_procedure.proc_not_perf_rsn_699042003_hc_vs_procedure_not_performed_reason,hc_procedure.proc_not_perf_rsn_426544006
hc_procedure.proc_not_perf_rsn_408572000_hc_vs_procedure_not_performed_reason,hc_procedure.proc_not_perf_rsn_408569007
hc_procedure.proc_not_perf_rsn_183962007_hc_vs_procedure_not_performed_reason,hc_procedure.proc_not_perf_rsn_183956002
hc_procedure.proc_not_perf_rsn_413310006_hc_vs_procedure_not_performed_reason,hc_procedure.proc_not_perf_rsn_183962007
hc_procedure.proc_not_perf_rsn_413311005_hc_vs_procedure_not_performed_reason,hc_procedure.proc_not_perf_rsn_183962007
hc_procedure.proc_not_perf_rsn_413312003_hc_vs_procedure_not_performed_reason,hc_procedure.proc_not_perf_rsn_183962007
hc_procedure.proc_not_perf_rsn_721111001_hc_vs_procedure_not_performed_reason,"hc_procedure.proc_not_perf_rsn_105480006,hc_procedure.proc_not_perf_rsn_413312003"
hc_procedure.proc_not_perf_rsn_721110000_hc_vs_procedure_not_performed_reason,"hc_procedure.proc_not_perf_rsn_105480006,hc_procedure.proc_not_perf_rsn_413312003"
hc_procedure.proc_not_perf_rsn_721107007_hc_vs_procedure_not_performed_reason,"hc_procedure.proc_not_perf_rsn_105480006,hc_procedure.proc_not_perf_rsn_413312003"
hc_procedure.proc_not_perf_rsn_275936005_hc_vs_procedure_not_performed_reason,hc_procedure.proc_not_perf_rsn_183956002
hc_procedure.proc_not_perf_rsn_183957006_hc_vs_procedure_not_performed_reason,hc_procedure.proc_not_perf_rsn_105480006
hc_procedure.proc_not_perf_rsn_183960004_hc_vs_procedure_not_performed_reason,hc_procedure.proc_not_perf_rsn_105480006
hc_procedure.proc_not_perf_rsn_703427001_hc_vs_procedure_not_performed_reason,hc_procedure.proc_not_perf_rsn_105480006
hc_procedure.proc_not_perf_rsn_703427001_hc_vs_procedure_not_performed_reason,hc_procedure.proc_not_perf_rsn_105480006
hc_procedure.proc_not_perf_rsn_698950001_hc_vs_procedure_not_performed_reason,hc_procedure.proc_not_perf_rsn_315640000
hc_procedure.proc_not_perf_rsn_723061000_hc_vs_procedure_not_performed_reason,hc_procedure.proc_not_perf_rsn_591000119102
hc_procedure.proc_not_perf_rsn_723062007_hc_vs_procedure_not_performed_reason,hc_procedure.proc_not_perf_rsn_591000119102
hc_procedure.proc_not_perf_rsn_170843004_hc_vs_procedure_not_performed_reason,hc_procedure.proc_not_perf_rsn_394908001
hc_procedure.proc_not_perf_rsn_698459008_hc_vs_procedure_not_performed_reason,hc_procedure.proc_not_perf_rsn_394908001
hc_procedure.proc_not_perf_rsn_700110004_hc_vs_procedure_not_performed_reason,hc_procedure.proc_not_perf_rsn_394908001
hc_procedure.proc_not_perf_rsn_170834008_hc_vs_procedure_not_performed_reason,hc_procedure.proc_not_perf_rsn_394908001
hc_procedure.proc_not_perf_rsn_170585007_hc_vs_procedure_not_performed_reason,hc_procedure.proc_not_perf_rsn_394908001
hc_procedure.proc_not_perf_rsn_414120003_hc_vs_procedure_not_performed_reason,hc_procedure.proc_not_perf_rsn_394908001
hc_procedure.proc_not_perf_rsn_170894006_hc_vs_procedure_not_performed_reason,hc_procedure.proc_not_perf_rsn_394908001
hc_procedure.proc_not_perf_rsn_170816009_hc_vs_procedure_not_performed_reason,hc_procedure.proc_not_perf_rsn_394908001
hc_procedure.proc_not_perf_rsn_170712003_hc_vs_procedure_not_performed_reason,hc_procedure.proc_not_perf_rsn_394908001
hc_procedure.proc_not_perf_rsn_170675003_hc_vs_procedure_not_performed_reason,hc_procedure.proc_not_perf_rsn_394908001
hc_procedure.proc_not_perf_rsn_170872003_hc_vs_procedure_not_performed_reason,hc_procedure.proc_not_perf_rsn_394908001
hc_procedure.proc_not_perf_rsn_170912005_hc_vs_procedure_not_performed_reason,hc_procedure.proc_not_perf_rsn_394908001
hc_procedure.proc_not_perf_rsn_170621009_hc_vs_procedure_not_performed_reason,hc_procedure.proc_not_perf_rsn_394908001
hc_procedure.proc_not_perf_rsn_708000007_hc_vs_procedure_not_performed_reason,hc_procedure.proc_not_perf_rsn_394908001
hc_procedure.proc_not_perf_rsn_170700002_hc_vs_procedure_not_performed_reason,hc_procedure.proc_not_perf_rsn_394908001
hc_procedure.proc_not_perf_rsn_397023003_hc_vs_procedure_not_performed_reason,hc_procedure.proc_not_perf_rsn_394908001
hc_procedure.proc_not_perf_rsn_170725006_hc_vs_procedure_not_performed_reason,hc_procedure.proc_not_perf_rsn_394908001
hc_procedure.proc_not_perf_rsn_391021006_hc_vs_procedure_not_performed_reason,hc_procedure.proc_not_perf_rsn_394908001
hc_procedure.proc_not_perf_rsn_170904002_hc_vs_procedure_not_performed_reason,hc_procedure.proc_not_perf_rsn_394908001
hc_procedure.proc_not_perf_rsn_170687005_hc_vs_procedure_not_performed_reason,hc_procedure.proc_not_perf_rsn_394908001
hc_procedure.proc_not_perf_rsn_168533005_hc_vs_procedure_not_performed_reason,hc_procedure.proc_not_perf_rsn_394908001
hc_procedure.proc_not_perf_rsn_170929008_hc_vs_procedure_not_performed_reason,hc_procedure.proc_not_perf_rsn_394908001
hc_procedure.proc_not_perf_rsn_170620005_hc_vs_procedure_not_performed_reason,hc_procedure.proc_not_perf_rsn_394908001
hc_procedure.proc_not_perf_rsn_170854009_hc_vs_procedure_not_performed_reason,hc_procedure.proc_not_perf_rsn_394908001
hc_procedure.proc_not_perf_rsn_170863006_hc_vs_procedure_not_performed_reason,hc_procedure.proc_not_perf_rsn_394908001
hc_procedure.proc_not_perf_rsn_719857004_hc_vs_procedure_not_performed_reason,hc_procedure.proc_not_perf_rsn_394908001
hc_procedure.proc_not_perf_rsn_268521004_hc_vs_procedure_not_performed_reason,hc_procedure.proc_not_perf_rsn_394908001
hc_procedure.proc_not_perf_rsn_170588009_hc_vs_procedure_not_performed_reason,hc_procedure.proc_not_perf_rsn_394908001
hc_procedure.proc_not_perf_rsn_170800007_hc_vs_procedure_not_performed_reason,hc_procedure.proc_not_perf_rsn_394908001
hc_procedure.proc_not_perf_rsn_170882002_hc_vs_procedure_not_performed_reason,hc_procedure.proc_not_perf_rsn_394908001
hc_procedure.proc_not_perf_rsn_170826002_hc_vs_procedure_not_performed_reason,hc_procedure.proc_not_perf_rsn_394908001
hc_procedure.proc_not_perf_rsn_180863000_hc_vs_procedure_not_performed_reason,hc_procedure.proc_not_perf_rsn_397023003
hc_procedure.proc_not_perf_rsn_288120003_hc_vs_procedure_not_performed_reason,hc_procedure.proc_not_perf_rsn_180863000
hc_procedure.proc_not_perf_rsn_182901005_hc_vs_procedure_not_performed_reason,hc_procedure.proc_not_perf_rsn_182895007
hc_procedure.proc_not_perf_rsn_182902003_hc_vs_procedure_not_performed_reason,hc_procedure.proc_not_perf_rsn_182895007
hc_procedure.proc_not_perf_rsn_182896008_hc_vs_procedure_not_performed_reason,hc_procedure.proc_not_perf_rsn_182895007
hc_procedure.proc_not_perf_rsn_182898009_hc_vs_procedure_not_performed_reason,hc_procedure.proc_not_perf_rsn_182895007
hc_procedure.proc_not_perf_rsn_182900006_hc_vs_procedure_not_performed_reason,hc_procedure.proc_not_perf_rsn_182895007
hc_procedure.proc_not_perf_rsn_182899001_hc_vs_procedure_not_performed_reason,hc_procedure.proc_not_perf_rsn_182895007
hc_procedure.proc_not_perf_rsn_182903008_hc_vs_procedure_not_performed_reason,hc_procedure.proc_not_perf_rsn_182895007
hc_procedure.proc_not_perf_rsn_182897004_hc_vs_procedure_not_performed_reason,hc_procedure.proc_not_perf_rsn_182895007
